asin,date,price
B00OZEJ8R8,2026-10-11,18.94
B00PBX3L7K,2026-10-11,18.50
B01CVXU3CI,2026-10-11,19.89
B06Y15D1LH,2026-10-11,24.80
B06ZZK3YJY,2026-10-11,19.99
B073P6BPF5,2026-10-11,14.97
B077RTL1HJ,2026-10-11,17.49
B07B32PL1C,2026-10-11,24.00
B07B65NJLV,2026-10-11,16.37
B07BYJF7L7,2026-10-11,11.09
B07DY2QRF6,2026-10-11,19.00
B07FP453RC,2026-10-11,35.50
B07NNVZNQR,2026-10-11,19.17
B07THCMGFP,2026-10-11,12.45
B07WZ2YTDP,2026-10-11,22.50
B07XXPHQZK,2026-10-11,24.00
B085T6JWF6,2026-10-11,12.67
B085VS2J3T,2026-10-11,18.25
B085VWWJJT,2026-10-11,17.90
B08BZCY3Y1,2026-10-11,52.00
B08CZGS5M2,2026-10-11,18.90
B08FM5BTF6,2026-10-11,14.59
B08JLMRTZS,2026-10-11,21.88
B08RLZ28QK,2026-10-11,35.57
B08TBG2T2C,2026-10-11,17.30
B08ZXVVY8M,2026-10-11,22.00
B0915CMY57,2026-10-11,16.50
B0921NXR2V,2026-10-11,19.99
B0971YC8W1,2026-10-11,13.99
B09DLFCB69,2026-10-11,17.00
B09P54X2NS,2026-10-11,30.00
B09V7Z4TJG,2026-10-11,15.12
B0B1JPZYMN,2026-10-11,23.47
B0B2RM68G2,2026-10-11,19.00
B0B45LL4DD,2026-10-11,17.00
B0BFQ9RD5B,2026-10-11,19.50
B0BHVBVRYY,2026-10-11,26.40
B0BQTHDZY1,2026-10-11,14.69
B0BRMYHMS5,2026-10-11,33.95
B0C2TQ24VY,2026-10-11,19.50
B0C61CJ66L,2026-10-11,14.50
B0C61FD7P9,2026-10-11,17.00
B0CCJ3SRB9,2026-10-11,21.00
B0CDKVXBCG,2026-10-11,18.00
B0CG1H8YRS,2026-10-11,20.00
B0CLLV2T1P,2026-10-11,21.85
B0CMC6S4BM,2026-10-11,17.99
B0CRDQPLCM,2026-10-11,21.00
B0CRKPZ9PQ,2026-10-11,21.00
B0D16L5F2M,2026-10-11,18.82
B0D2Z3GGCY,2026-10-11,16.90
B0D54F8XYK,2026-10-11,20.90
B0D54G6811,2026-10-11,22.00
B0D8W1YVBX,2026-10-11,17.00
B0D8W2W8C2,2026-10-11,17.99
B0D95M72BF,2026-10-11,19.99
B0D9W15N21,2026-10-11,21.00
B0DBF65JYY,2026-10-11,16.80
B0DDXV5KV4,2026-10-11,22.99
B0DFY92NDB,2026-10-11,28.99
B0DG1DQ2S7,2026-10-11,22.00
B0DG4WXBCF,2026-10-11,19.99
B0DGLCRZZ3,2026-10-11,21.68
B0DGPSZVW3,2026-10-11,11.90
B0DGTMR754,2026-10-11,14.20
B0DJDC71XL,2026-10-11,16.06
B0DK4Y2YP3,2026-10-11,17.89
B0DLB58CWR,2026-10-11,27.37
B0DLKGLBPG,2026-10-11,21.75
B0DMXH4XVB,2026-10-11,21.00
B0DR25CL71,2026-10-11,18.30
B0DSLXS4G9,2026-10-11,22.00
B0DWFLY18Y,2026-10-11,24.00
B0DWMSM6Y9,2026-10-11,18.90
B0DY7GDRV7,2026-10-11,18.30
B0DYTQ5GYQ,2026-10-11,14.90
B0F4RF551P,2026-10-11,14.75
B0F8LBX37X,2026-10-11,16.79
B0FD3HXCWZ,2026-10-11,18.30
B0FFHG6X51,2026-10-11,18.99
B0FG38CL5H,2026-10-11,18.99
B0FG7VLJKG,2026-10-11,18.90
B0FGQ3J31K,2026-10-11,17.00
B0FKGJYFC8,2026-10-11,27.00
B0FKSM8L9H,2026-10-11,18.99
B0FM23ZR4H,2026-10-11,17.35
B0FN3VX6NP,2026-10-11,29.99
B0FPFDSC7X,2026-10-11,18.90
B0FPGGKFCH,2026-10-11,24.99
B0FPKX9FY4,2026-10-11,33.64
B0FQB6BLHQ,2026-10-11,17.99
B0FR4QYNK5,2026-10-11,19.80
B0FT7TKN36,2026-10-11,18.90
B0FVFS937N,2026-10-11,18.00
B0FVT77ZLL,2026-10-11,21.00
B0FXH5LHN8,2026-10-11,17.85
B0G24NKB1B,2026-10-11,23.20
B0G38FGSKL,2026-10-11,21.90
B0GCC2JV65,2026-10-11,21.00
B0GD6R7CFJ,2026-10-11,23.00
B0GF2623VD,2026-10-11,22.00
B0GGGCV238,2026-10-11,21.90
B0GGL3M7GK,2026-10-11,34.88
B0GHMZXX8Y,2026-10-11,19.90
B0GKFD9ZQW,2026-10-11,28.50
B0GL23FXCZ,2026-10-11,27.89
B0GMJQ8QRC,2026-10-11,26.00
B0GMPMZB3G,2026-10-11,19.95
B0GS1DYZHG,2026-10-11,22.00
B0GV2J43Q9,2026-10-11,19.99
B0GVQ6NYR3,2026-10-11,29.90
B0GWLKCFSM,2026-10-11,17.99
B0H3KJ25GN,2026-10-11,18.90
B0H4G5TBGM,2026-10-11,15.99
B0H627CCBF,2026-10-11,29.00
