date,asin,cat,rank,title
2026-10-10,B07NHZP4FW,13861697011,1,Original Premium Exfoliating Glove for Body 2pc - Body Scrubber
2026-10-10,B07GZWWN9Q,23504932011,1,STACY LASH Eyelash Extension Shampoo + Brush / 1.69 fl.oz / 50ml
2026-10-10,B0DC156Y5X,11061161,1,"JIYU Toner Pads - Korean Skincare for Dark Spots, Wrinkles Dull"
2026-10-10,B0F9FTSS48,23504929011,2,MAREE Hydrating Milky Toner for Face - Rice Toner for Face Korea
2026-10-10,B0976SXTLS,16228321011,2,Korean Lash Lift Kit - 5 Sets At Home Eyelash Perm Kit with Upgr
2026-10-10,B0DC6W8HL2,16262044011,2,Botanic Hearth Rosemary and Rice Water Spray For Hair Growth - 6
2026-10-10,B09TSRF2Q8,7792269011,4,"Erborian CC Red Color-Correcting Cream with SPF 25, Korean Skinc"
2026-10-10,B09TSTMDZL,7792269011,5,"Erborian CC Cream, Color-Correct, Evens Tone, Korean Skincare Ma"
2026-10-10,B0FZ9VJBG1,2265896011,5,JUDYDOLL Contour Palette Highlighter Makeup Korean Makeup (02 Tr
2026-10-10,B0FTQLDQ8L,7792277011,5,JIYU NAD+ Hydrating Face Moisturizer - Korean Anti-Aging Cream f
2026-10-10,B0BT6ZYDK1,13861697011,6,SimpleField Korean Exfoliating Mitt for Remove Dead Skin. 2 Pack
2026-10-10,B0DZDBBNFT,10312668011,6,NUNA Eyelash Growth Support Serum 6ml - Eye Lash and Eyebrow Enh
2026-10-10,B0131JNUW6,7792268011,6,"Erborian BB Cream SPF 20, Tone-Evening, Korean Skincare Makeup H"
2026-10-10,B0DP4CNW46,16228321011,6,Korean At Home Lash Lift and Color Kit - Temporary Eyelash Eyebr
2026-10-10,B0G3PS6H5T,13861697011,7,"Exfoliating Glove 2 Pack, Korean Exfoliating Mitt, Body Scrubber"
2026-10-10,B0H95BYTFR,18065339011,7,"Vitamasques Lip Butter Balm - Cupcake, Korean Lip Balm - 0.33 fl"
2026-10-10,B0D7X5X3QF,13861697011,8,Kitsch Exfoliating Glove - Exfoliating Mitt - 2pc Black Terracot
2026-10-10,B0H1DWQB55,11061161,8,"JIYU Cleansing Polish Pads - Korean Skincare for Clogged Pores,"
2026-10-10,B0C3Y14S73,23504929011,8,"De:maf Demaf Creamy Milk Cleanser, Barrier-safe Face Wash, 10.14"
2026-10-10,B0CW6119ZC,7792275011,8,[Cardi B's Pick] BIO HEAL BOH Probioderm 3D Lifting Cream 1.69 f
2026-10-10,B0D3DYC7C1,11059431,9,"BEAUTYFACTOR Flat Foundation Brush,Korean Makeup Brush Spatula F"
2026-10-10,B0DWSN6DPS,166860011,9,GOONGBE Moisture Sun Cushion Mild SPF 50 - Korean Moisturizing S
2026-10-10,B0CSDWS3HJ,11061931,10,"BYOMA Milky Toner - Hydrating Face Toner, Moisturizing, Korean S"
2026-10-10,B0F22QDTQP,7730099011,10,TEREZ HONOR Peptide Collagen Under Eye Patches - 60 Korean Firmi
2026-10-10,B095H5LWML,13861697011,11,"Tatuo 12 Pack Korean Exfoliating Mitts, Body Scrub, 8 x 5.5 in,"
2026-10-10,B0GYK3T766,7730087011,11,"Luxe Korean Under Eye Balm - Lift Firm 3-in-1 Multi Balm Stick,"
2026-10-10,B0F7ZJQP4K,11061121,12,Water Sleeping Mask: Hydrating Korean Overnight Face Mask with H
2026-10-10,B0DRLJ6BX7,11061151,12,PLANTIFIQUE Korean Glycolic Acid Toner Pads - Centella Niacinami
2026-10-10,B0BRHFBPYS,13861697011,13,L'Exfose Kessa Hammam Deep Exfoliating Glove 2x - Korean Exfolia
2026-10-10,B0CSJ73Z8R,7792268011,13,"glow breathable blemish balm #one, korean makeup, 1 fl oz lightw"
2026-10-11,B0FBM4LD13,16228321011,7,"Curacoro Korean Lash Lift Shields, 4 Pcs Self-Adhesive Silicone"
2026-10-11,B01M68GLRH,7792268011,13,pūrlisse Perfect Glow BB Cream SPF 30 - Luminous Matte Tinted Mo
