week,date,market,brand,units_w,rev_usd_w,cov_w,dp,units_wx,rev_usd_wx,products,in_list,best_bsr
2026-07-27,2026-08-02,DE,Anua,2100,45004,5,5,3343,62024,67,0,99
2026-07-27,2026-08-02,DE,BIODANCE,4100,56013,5,5,4806,67272,29,1,4
2026-07-27,2026-08-02,DE,Beauty of Joseon,1700,26253,5,5,3017,37097,32,0,107
2026-07-27,2026-08-02,DE,COSRX,1700,25766,5,5,3779,50240,80,0,310
2026-07-27,2026-08-02,DE,Coreana,0,0,0,5,23,626,44,0,46336
2026-07-27,2026-08-02,DE,Melaxin,1150,22006,3,5,1185,22734,21,1,33
2026-07-27,2026-08-02,DE,Purito,2000,25159,5,5,2406,29469,90,1,49
2026-07-27,2026-08-02,DE,d'Alba,3100,62114,5,5,4646,93603,40,1,20
2026-07-27,2026-08-02,DE,medicube,8200,162596,5,5,12798,201377,123,3,5
2026-07-27,2026-08-02,ES,Anua,850,9979,5,5,1101,13285,59,0,157
2026-07-27,2026-08-02,ES,BIODANCE,2600,35975,5,5,2682,37366,21,2,3
2026-07-27,2026-08-02,ES,Beauty of Joseon,650,10185,4,5,836,11982,25,0,165
2026-07-27,2026-08-02,ES,COSRX,700,9777,5,5,956,12536,71,0,302
2026-07-27,2026-08-02,ES,Coreana,550,8650,4,5,1246,18700,45,0,136
2026-07-27,2026-08-02,ES,Melaxin,100,2346,1,5,170,4449,20,0,3024
2026-07-27,2026-08-02,ES,Purito,300,4378,4,5,405,6232,62,0,230
2026-07-27,2026-08-02,ES,d'Alba,4300,80530,5,5,6066,119962,36,3,5
2026-07-27,2026-08-02,ES,medicube,10000,216713,5,5,14897,283717,130,7,2
2026-07-27,2026-08-02,FR,Anua,50,792,1,5,527,11155,57,0,1
2026-07-27,2026-08-02,FR,BIODANCE,2200,37032,4,5,4659,67295,23,3,1
2026-07-27,2026-08-02,FR,Beauty of Joseon,200,2182,1,5,547,8921,28,0,1
2026-07-27,2026-08-02,FR,COSRX,300,4822,4,5,592,9148,71,0,2
2026-07-27,2026-08-02,FR,Coreana,0,0,0,5,23,621,6,0,8
2026-07-27,2026-08-02,FR,Melaxin,100,2652,2,5,100,2652,24,0,13
2026-07-27,2026-08-02,FR,Purito,200,3413,2,5,373,5640,70,0,3
2026-07-27,2026-08-02,FR,d'Alba,0,0,0,5,462,10254,36,0,2
2026-07-27,2026-08-02,FR,medicube,3300,72490,4,5,8668,166980,124,6,7
2026-07-27,2026-08-02,IT,Anua,100,2051,1,5,432,9578,56,0,833
2026-07-27,2026-08-02,IT,BIODANCE,50,1031,1,5,397,7055,18,0,9
2026-07-27,2026-08-02,IT,Beauty of Joseon,100,1365,2,5,841,11319,28,0,168
2026-07-27,2026-08-02,IT,COSRX,50,659,1,5,818,13100,70,0,890
2026-07-27,2026-08-02,IT,Coreana,700,18900,1,5,8053,126150,89,2,4
2026-07-27,2026-08-02,IT,Melaxin,50,1134,1,5,86,2092,17,0,15963
2026-07-27,2026-08-02,IT,Purito,400,7052,3,5,886,14188,55,0,603
2026-07-27,2026-08-02,IT,d'Alba,250,5721,2,5,435,10209,25,0,289
2026-07-27,2026-08-02,IT,medicube,12000,231271,5,5,19241,380604,120,8,2
2026-07-27,2026-08-02,UK,Anua,700,10668,1,5,7560,143156,90,0,273
2026-07-27,2026-08-02,UK,BIODANCE,4000,88900,1,5,11772,195039,37,1,13
2026-07-27,2026-08-02,UK,Beauty of Joseon,4500,58401,2,5,11652,151673,35,1,25
2026-07-27,2026-08-02,UK,COSRX,0,0,0,5,12072,158389,69,0,163
2026-07-27,2026-08-02,UK,Coreana,0,0,0,2,0,0,2,0,
2026-07-27,2026-08-02,UK,Melaxin,600,13179,2,5,3384,63517,34,0,656
2026-07-27,2026-08-02,UK,Purito,2500,35941,4,5,4443,65307,59,0,209
2026-07-27,2026-08-02,UK,d'Alba,300,5079,1,5,4239,74697,22,0,201
2026-07-27,2026-08-02,UK,medicube,45000,788670,5,5,60751,1060185,88,7,1
2026-07-27,2026-08-02,US,Anua,0,0,0,5,108107,2230811,112,2,88
2026-07-27,2026-08-02,US,BIODANCE,9000,207000,1,5,47412,1012243,47,2,8
2026-07-27,2026-08-02,US,Beauty of Joseon,1100,24822,2,5,4334,83050,17,0,1856
2026-07-27,2026-08-02,US,COSRX,1000,18750,1,5,24562,482710,112,0,778
2026-07-27,2026-08-02,US,Coreana,50,449,1,5,50,449,7,0,107590
2026-07-27,2026-08-02,US,Melaxin,0,0,0,5,52620,1080481,78,0,108
2026-07-27,2026-08-02,US,Purito,0,0,0,5,11722,205246,34,0,407
2026-07-27,2026-08-02,US,d'Alba,8100,265962,4,5,8112,266304,34,0,108
2026-07-27,2026-08-02,US,medicube,51000,1002600,4,5,115829,1943074,119,10,1
2026-08-03,2026-08-09,DE,Anua,0,0,0,0,3160,39026,70,0,
2026-08-03,2026-08-09,DE,BIODANCE,0,0,0,0,5372,61664,32,1,
2026-08-03,2026-08-09,DE,Beauty of Joseon,5,119,1,0,2420,25544,32,0,
2026-08-03,2026-08-09,DE,COSRX,0,0,0,0,4411,35260,80,0,
2026-08-03,2026-08-09,DE,Coreana,0,0,0,0,0,0,6,0,
2026-08-03,2026-08-09,DE,Melaxin,0,0,0,0,1340,27330,21,1,
2026-08-03,2026-08-09,DE,Purito,0,0,0,0,1641,23843,88,0,
2026-08-03,2026-08-09,DE,d'Alba,0,0,0,0,7056,114123,40,1,
2026-08-03,2026-08-09,DE,medicube,0,0,0,0,10325,136268,90,2,
2026-08-03,2026-08-09,ES,BIODANCE,0,0,0,0,0,0,2,2,
2026-08-03,2026-08-09,ES,d'Alba,0,0,0,0,0,0,3,3,
2026-08-03,2026-08-09,ES,medicube,0,0,0,0,0,0,3,3,
2026-08-03,2026-08-09,FR,Anua,0,0,0,0,835,12800,61,0,
2026-08-03,2026-08-09,FR,BIODANCE,0,0,0,0,4687,67258,29,3,
2026-08-03,2026-08-09,FR,Beauty of Joseon,0,0,0,0,693,10221,33,0,
2026-08-03,2026-08-09,FR,COSRX,0,0,0,0,602,9381,71,0,
2026-08-03,2026-08-09,FR,Coreana,0,0,0,0,0,0,6,0,
2026-08-03,2026-08-09,FR,Melaxin,0,0,0,0,0,0,26,0,
2026-08-03,2026-08-09,FR,Purito,0,0,0,0,357,5711,75,0,
2026-08-03,2026-08-09,FR,d'Alba,0,0,0,0,439,7771,40,0,
2026-08-03,2026-08-09,FR,medicube,0,0,0,0,5623,86578,92,2,
2026-08-03,2026-08-09,UK,Anua,0,0,0,0,7185,127698,93,0,
2026-08-03,2026-08-09,UK,BIODANCE,0,0,0,0,10289,163554,41,1,
2026-08-03,2026-08-09,UK,Beauty of Joseon,0,0,0,0,12092,159204,30,1,
2026-08-03,2026-08-09,UK,COSRX,0,0,0,0,12244,163793,69,0,
2026-08-03,2026-08-09,UK,Coreana,0,0,0,0,0,0,14,0,
2026-08-03,2026-08-09,UK,Melaxin,0,0,0,0,3512,61510,34,0,
2026-08-03,2026-08-09,UK,Purito,0,0,0,0,4358,63751,61,0,
2026-08-03,2026-08-09,UK,d'Alba,0,0,0,0,3915,68094,24,0,
2026-08-03,2026-08-09,UK,medicube,0,0,0,0,45780,782129,92,6,
2026-08-03,2026-08-09,US,Anua,40000,747080,8,12,106194,2216003,92,1,84
2026-08-03,2026-08-09,US,BIODANCE,57400,1010044,12,12,57958,1022224,45,2,3
2026-08-03,2026-08-09,US,Beauty of Joseon,5700,136482,11,12,5712,136542,12,0,1919
2026-08-03,2026-08-09,US,COSRX,12500,226065,12,12,23625,429672,88,0,784
2026-08-03,2026-08-09,US,Coreana,50,449,1,8,50,449,8,0,122890
2026-08-03,2026-08-09,US,Melaxin,29000,586300,12,12,35767,730290,64,0,125
2026-08-03,2026-08-09,US,Purito,6700,120542,11,12,7542,132960,38,0,527
2026-08-03,2026-08-09,US,d'Alba,9850,197068,9,12,9897,199115,34,0,227
2026-08-03,2026-08-09,US,medicube,85000,1604980,11,12,105706,2297966,73,7,2
2026-08-24,2026-08-30,DE,Anua,6200,95164,23,34,6687,100923,77,2,26
2026-08-24,2026-08-30,DE,BIODANCE,4350,53482,11,12,4731,57272,32,2,3
2026-08-24,2026-08-30,DE,Beauty of Joseon,3600,49245,13,19,4146,54455,41,2,28
2026-08-24,2026-08-30,DE,COSRX,2750,42671,11,15,4136,60370,79,0,119
2026-08-24,2026-08-30,DE,Coreana,0,0,0,21,35,730,46,0,41
2026-08-24,2026-08-30,DE,Melaxin,1050,17716,2,12,1225,20635,22,0,94
2026-08-24,2026-08-30,DE,Purito,850,12062,6,17,1141,15799,79,0,80
2026-08-24,2026-08-30,DE,d'Alba,5400,116600,12,15,5791,121671,44,2,8
2026-08-24,2026-08-30,DE,medicube,10200,186666,12,12,12534,202650,85,3,1
2026-08-24,2026-08-30,ES,Anua,0,0,0,0,1486,19873,82,0,
2026-08-24,2026-08-30,ES,BIODANCE,0,0,0,0,5532,64609,16,3,
2026-08-24,2026-08-30,ES,Beauty of Joseon,0,0,0,0,810,12032,32,0,
2026-08-24,2026-08-30,ES,COSRX,0,0,0,0,1204,16782,70,0,
2026-08-24,2026-08-30,ES,Coreana,0,0,0,0,1212,14931,27,3,
2026-08-24,2026-08-30,ES,Melaxin,0,0,0,0,104,2573,22,0,
2026-08-24,2026-08-30,ES,Purito,0,0,0,0,498,8193,63,0,
2026-08-24,2026-08-30,ES,d'Alba,0,0,0,0,6986,113682,35,4,
2026-08-24,2026-08-30,ES,medicube,0,0,0,0,13293,230515,81,8,
2026-08-24,2026-08-30,FR,Anua,0,0,0,0,881,15659,91,0,
2026-08-24,2026-08-30,FR,BIODANCE,0,0,0,0,4040,47848,22,3,
2026-08-24,2026-08-30,FR,Beauty of Joseon,0,0,0,0,694,4251,37,0,
2026-08-24,2026-08-30,FR,COSRX,0,0,0,0,822,11215,70,0,
2026-08-24,2026-08-30,FR,Coreana,0,0,0,0,12,324,35,0,
2026-08-24,2026-08-30,FR,Melaxin,0,0,0,0,12,371,26,0,
2026-08-24,2026-08-30,FR,Purito,0,0,0,0,347,5020,81,0,
2026-08-24,2026-08-30,FR,d'Alba,0,0,0,0,358,4626,37,0,
2026-08-24,2026-08-30,FR,medicube,0,0,0,0,9399,194539,89,9,
2026-08-24,2026-08-30,IT,BIODANCE,0,0,0,0,0,0,2,2,
2026-08-24,2026-08-30,IT,Coreana,0,0,0,0,0,0,1,1,
2026-08-24,2026-08-30,IT,medicube,0,0,0,0,0,0,12,12,
2026-08-24,2026-08-30,UK,BIODANCE,0,0,0,0,0,0,2,2,
2026-08-24,2026-08-30,UK,Beauty of Joseon,0,0,0,0,0,0,1,1,
2026-08-24,2026-08-30,UK,medicube,10000,170434,1,1,10000,170434,10,10,1
2026-08-24,2026-08-30,US,Anua,69350,1351230,16,19,90693,1757950,89,2,54
2026-08-24,2026-08-30,US,BIODANCE,43200,897057,12,12,44147,916133,46,2,11
2026-08-24,2026-08-30,US,Beauty of Joseon,5300,135112,13,14,5312,135291,14,0,1703
2026-08-24,2026-08-30,US,COSRX,12950,258541,13,15,24789,509273,86,0,717
2026-08-24,2026-08-30,US,Coreana,0,0,0,9,35,326,9,0,161367
2026-08-24,2026-08-30,US,Melaxin,32400,681738,31,43,37573,779139,70,0,198
2026-08-24,2026-08-30,US,Purito,7700,115460,14,14,8152,122643,32,0,533
2026-08-24,2026-08-30,US,d'Alba,14250,365894,11,13,14262,366014,36,0,102
2026-08-24,2026-08-30,US,medicube,154650,3292520,17,17,164017,3713809,70,8,2
2026-08-31,2026-09-06,DE,Anua,6050,88755,12,21,6658,96644,83,2,26
2026-08-31,2026-09-06,DE,BIODANCE,6500,76027,12,13,6674,78627,30,1,2
2026-08-31,2026-09-06,DE,Beauty of Joseon,2650,35810,10,17,3367,40907,46,1,27
2026-08-31,2026-09-06,DE,COSRX,3050,453434,12,13,4137,465656,74,1,38
2026-08-31,2026-09-06,DE,Coreana,0,0,0,20,35,730,48,0,60
2026-08-31,2026-09-06,DE,Melaxin,850,16528,2,15,1036,19934,25,0,135
2026-08-31,2026-09-06,DE,Purito,1150,16002,7,27,1466,47340,78,0,83
2026-08-31,2026-09-06,DE,d'Alba,7150,166681,13,13,7541,173253,43,2,14
2026-08-31,2026-09-06,DE,medicube,6450,614638,13,15,8864,635757,85,2,9
2026-08-31,2026-09-06,ES,Anua,1000,18356,6,12,1105,68182,12,0,180
2026-08-31,2026-09-06,ES,BIODANCE,7450,140910,9,12,7508,141792,12,2,2
2026-08-31,2026-09-06,ES,Beauty of Joseon,500,8572,6,25,757,98062,25,0,348
2026-08-31,2026-09-06,ES,COSRX,1050,15931,12,51,1567,24350,51,0,217
2026-08-31,2026-09-06,ES,Coreana,1850,1807358,6,12,1955,1937214,12,2,25
2026-08-31,2026-09-06,ES,Melaxin,250,6661,4,12,344,8877,12,0,1753
2026-08-31,2026-09-06,ES,Purito,450,126242,6,12,567,127948,12,0,142
2026-08-31,2026-09-06,ES,d'Alba,10500,190924,11,12,10500,190924,12,3,1
2026-08-31,2026-09-06,ES,medicube,10800,189185,12,12,10800,189185,12,8,4
2026-08-31,2026-09-06,FR,Anua,650,13695,9,41,955,53328,41,0,1
2026-08-31,2026-09-06,FR,BIODANCE,6150,112918,10,12,6242,114294,12,2,1
2026-08-31,2026-09-06,FR,Beauty of Joseon,350,5149,5,12,500,7434,12,0,2
2026-08-31,2026-09-06,FR,COSRX,500,8108,5,12,674,10697,12,0,1
2026-08-31,2026-09-06,FR,Coreana,0,0,0,13,59,1040,13,0,4
2026-08-31,2026-09-06,FR,Melaxin,100,2785,2,12,136,3849,12,0,6
2026-08-31,2026-09-06,FR,Purito,300,5547,3,26,554,9223,26,0,3
2026-08-31,2026-09-06,FR,d'Alba,500,10058,5,15,571,11700,15,0,4
2026-08-31,2026-09-06,FR,medicube,8150,1289692,12,13,8173,1289940,13,5,9
2026-08-31,2026-09-06,IT,Anua,0,0,0,0,503,10537,70,0,
2026-08-31,2026-09-06,IT,BIODANCE,400,7299,2,2,584,11040,10,0,302
2026-08-31,2026-09-06,IT,Beauty of Joseon,0,0,0,0,369,3205,26,0,
2026-08-31,2026-09-06,IT,COSRX,0,0,0,0,815,12983,71,0,
2026-08-31,2026-09-06,IT,Coreana,7900,156299,9,9,9437,184658,61,3,2
2026-08-31,2026-09-06,IT,Melaxin,0,0,0,0,23,735,19,0,
2026-08-31,2026-09-06,IT,Purito,0,0,0,0,499,8407,56,0,
2026-08-31,2026-09-06,IT,d'Alba,200,4534,1,1,443,9663,24,0,241
2026-08-31,2026-09-06,IT,medicube,13100,3316400,12,12,17062,3387806,88,6,4
2026-08-31,2026-09-06,UK,Anua,7900,148560,12,22,8915,196459,96,0,134
2026-08-31,2026-09-06,UK,BIODANCE,9850,158860,12,15,10081,163012,46,1,11
2026-08-31,2026-09-06,UK,Beauty of Joseon,10700,402873,14,18,12606,427139,38,1,43
2026-08-31,2026-09-06,UK,COSRX,6400,89828,12,19,8827,132138,72,0,163
2026-08-31,2026-09-06,UK,Coreana,0,0,0,21,24,13511,25,0,22346
2026-08-31,2026-09-06,UK,Melaxin,3250,64841,11,14,3575,71427,36,0,581
2026-08-31,2026-09-06,UK,Purito,2500,34035,7,26,3044,44487,73,0,181
2026-08-31,2026-09-06,UK,d'Alba,3750,64014,6,12,3912,66948,28,0,162
2026-08-31,2026-09-06,UK,medicube,38000,693064,12,12,52314,924487,96,5,2
2026-08-31,2026-09-06,US,Anua,45300,869470,13,18,98259,1880864,89,3,21
2026-08-31,2026-09-06,US,BIODANCE,41800,758983,12,17,43370,792741,52,2,5
2026-08-31,2026-09-06,US,Beauty of Joseon,4900,6998680,11,12,4912,6998859,13,0,1910
2026-08-31,2026-09-06,US,COSRX,14700,276807,14,14,28813,570934,91,0,468
2026-08-31,2026-09-06,US,Coreana,0,0,0,10,58,464,10,0,116849
2026-08-31,2026-09-06,US,Melaxin,29650,598491,29,44,35436,714090,78,0,178
2026-08-31,2026-09-06,US,Purito,11400,202557,13,13,12255,217033,44,0,367
2026-08-31,2026-09-06,US,d'Alba,16350,7871410,11,12,16373,7926058,36,1,83
2026-08-31,2026-09-06,US,medicube,78300,1499643,16,17,110045,2382647,72,6,2
2026-09-07,2026-09-13,DE,Anua,0,0,0,0,5447,93628,89,0,
2026-09-07,2026-09-13,DE,BIODANCE,0,0,0,0,5762,51187,27,1,
2026-09-07,2026-09-13,DE,Beauty of Joseon,0,0,0,0,3139,35961,44,1,
2026-09-07,2026-09-13,DE,COSRX,0,0,0,0,4214,52278,75,0,
2026-09-07,2026-09-13,DE,Coreana,0,0,0,0,0,0,44,0,
2026-09-07,2026-09-13,DE,Melaxin,0,0,0,0,1317,24635,27,0,
2026-09-07,2026-09-13,DE,Purito,0,0,0,0,1318,13118,90,0,
2026-09-07,2026-09-13,DE,d'Alba,0,0,0,0,6535,91192,39,1,
2026-09-07,2026-09-13,DE,medicube,0,0,0,0,11629,147404,84,2,
2026-09-07,2026-09-13,ES,Anua,0,0,0,0,1375,23754,90,0,
2026-09-07,2026-09-13,ES,BIODANCE,0,0,0,0,4192,53166,22,1,
2026-09-07,2026-09-13,ES,Beauty of Joseon,0,0,0,0,534,7885,36,0,
2026-09-07,2026-09-13,ES,COSRX,0,0,0,0,1249,17274,70,0,
2026-09-07,2026-09-13,ES,Coreana,0,0,0,0,833,14495,25,2,
2026-09-07,2026-09-13,ES,Melaxin,0,0,0,0,127,849,23,0,
2026-09-07,2026-09-13,ES,Purito,0,0,0,0,543,8873,67,0,
2026-09-07,2026-09-13,ES,d'Alba,0,0,0,0,10104,198486,38,3,
2026-09-07,2026-09-13,ES,medicube,0,0,0,0,14554,227494,90,9,
2026-09-07,2026-09-13,FR,Anua,0,0,0,0,891,17460,93,0,
2026-09-07,2026-09-13,FR,BIODANCE,0,0,0,0,4468,48262,24,1,
2026-09-07,2026-09-13,FR,Beauty of Joseon,0,0,0,0,521,6513,36,0,
2026-09-07,2026-09-13,FR,COSRX,0,0,0,0,857,11992,72,0,
2026-09-07,2026-09-13,FR,Coreana,0,0,0,0,24,540,6,0,
2026-09-07,2026-09-13,FR,Melaxin,0,0,0,0,12,365,29,0,
2026-09-07,2026-09-13,FR,Purito,0,0,0,0,393,5976,71,0,
2026-09-07,2026-09-13,FR,d'Alba,0,0,0,0,405,6875,38,0,
2026-09-07,2026-09-13,FR,medicube,0,0,0,0,11607,184082,91,4,
2026-09-07,2026-09-13,IT,BIODANCE,0,0,0,0,0,0,1,1,
2026-09-07,2026-09-13,IT,Coreana,0,0,0,0,0,0,1,1,
2026-09-07,2026-09-13,IT,medicube,0,0,0,0,0,0,8,8,
2026-09-07,2026-09-13,UK,Anua,0,0,0,0,9619,177456,94,0,
2026-09-07,2026-09-13,UK,BIODANCE,0,0,0,0,10854,168903,43,1,
2026-09-07,2026-09-13,UK,Beauty of Joseon,0,0,0,0,11215,145889,38,0,
2026-09-07,2026-09-13,UK,COSRX,0,0,0,0,8492,121817,71,0,
2026-09-07,2026-09-13,UK,Coreana,0,0,0,0,12,81,17,0,
2026-09-07,2026-09-13,UK,Melaxin,0,0,0,0,3917,75376,39,0,
2026-09-07,2026-09-13,UK,Purito,0,0,0,0,3323,45937,67,0,
2026-09-07,2026-09-13,UK,d'Alba,0,0,0,0,4272,73189,28,0,
2026-09-07,2026-09-13,UK,medicube,0,0,0,0,75258,1162227,95,4,
2026-09-07,2026-09-13,US,Anua,89000,1768400,12,14,110792,2145320,90,3,23
2026-09-07,2026-09-13,US,BIODANCE,58300,1243019,12,12,59824,1276825,54,2,8
2026-09-07,2026-09-13,US,Beauty of Joseon,4850,3926490,12,16,4908,3966276,18,0,1659
2026-09-07,2026-09-13,US,COSRX,29000,526134,45,47,33921,608704,94,0,277
2026-09-07,2026-09-13,US,Coreana,0,0,0,10,58,464,10,0,135597
2026-09-07,2026-09-13,US,Melaxin,29300,594920,12,13,36981,756875,75,0,183
2026-09-07,2026-09-13,US,Purito,7200,126284,12,12,8055,139952,41,0,531
2026-09-07,2026-09-13,US,d'Alba,8750,2283379,10,17,8785,2332124,38,0,227
2026-09-07,2026-09-13,US,medicube,94500,5007880,14,15,109711,6831454,73,6,2
2026-09-14,2026-09-20,DE,Anua,3650,67775,14,32,4261,77313,90,0,64
2026-09-14,2026-09-20,DE,BIODANCE,3450,36642,7,12,4432,56983,25,1,3
2026-09-14,2026-09-20,DE,Beauty of Joseon,2300,199462,12,14,2821,202548,43,1,16
2026-09-14,2026-09-20,DE,COSRX,2350,175952,12,15,3550,189725,76,1,39
2026-09-14,2026-09-20,DE,Coreana,0,0,0,15,35,730,45,0,46
2026-09-14,2026-09-20,DE,Melaxin,800,15117,4,12,939,17560,26,0,244
2026-09-14,2026-09-20,DE,Purito,900,11975,5,17,1202,16182,87,0,96
2026-09-14,2026-09-20,DE,d'Alba,3700,69852,11,17,4046,75651,42,1,13
2026-09-14,2026-09-20,DE,medicube,5600,90256,13,19,7645,106242,90,3,1
2026-09-14,2026-09-20,ES,Anua,0,0,0,0,1417,25012,89,0,
2026-09-14,2026-09-20,ES,BIODANCE,0,0,0,0,6167,96639,22,1,
2026-09-14,2026-09-20,ES,Beauty of Joseon,0,0,0,0,637,10211,32,0,
2026-09-14,2026-09-20,ES,COSRX,0,0,0,0,1250,17017,73,0,
2026-09-14,2026-09-20,ES,Coreana,0,0,0,0,1248,20877,30,1,
2026-09-14,2026-09-20,ES,Melaxin,0,0,0,0,92,534,22,0,
2026-09-14,2026-09-20,ES,Purito,0,0,0,0,600,10046,66,0,
2026-09-14,2026-09-20,ES,d'Alba,0,0,0,0,7851,142424,38,3,
2026-09-14,2026-09-20,ES,medicube,0,0,0,0,14218,229860,91,10,
2026-09-14,2026-09-20,FR,Anua,200,2879,2,2,745,13102,92,0,835
2026-09-14,2026-09-20,FR,BIODANCE,2300,27147,3,4,3535,53565,24,1,1
2026-09-14,2026-09-20,FR,Beauty of Joseon,0,0,0,0,567,6688,37,0,
2026-09-14,2026-09-20,FR,COSRX,100,1525,1,1,760,9958,72,0,660
2026-09-14,2026-09-20,FR,Coreana,0,0,0,0,12,324,6,0,
2026-09-14,2026-09-20,FR,Melaxin,0,0,0,0,24,282,30,0,
2026-09-14,2026-09-20,FR,Purito,100,1584,1,1,320,4853,74,0,473
2026-09-14,2026-09-20,FR,d'Alba,100,1709,1,1,274,3738,39,0,109
2026-09-14,2026-09-20,FR,medicube,6600,119448,12,12,8967,155813,92,7,3
2026-09-14,2026-09-20,IT,BIODANCE,0,0,0,0,0,0,1,1,
2026-09-14,2026-09-20,IT,Coreana,0,0,0,0,0,0,1,1,
2026-09-14,2026-09-20,IT,medicube,0,0,0,0,0,0,10,10,
2026-09-14,2026-09-20,UK,Anua,4750,90433,12,17,5437,100999,94,0,206
2026-09-14,2026-09-20,UK,BIODANCE,8250,124957,11,13,8365,126845,41,2,5
2026-09-14,2026-09-20,UK,Beauty of Joseon,5000,663669,10,17,6956,698268,39,0,62
2026-09-14,2026-09-20,UK,COSRX,4550,56445,14,22,6576,89175,78,0,137
2026-09-14,2026-09-20,UK,Coreana,0,0,0,17,12,304,21,0,11740
2026-09-14,2026-09-20,UK,Melaxin,2200,40032,12,13,2455,45204,40,0,594
2026-09-14,2026-09-20,UK,Purito,2300,32059,7,14,2764,39750,65,0,165
2026-09-14,2026-09-20,UK,d'Alba,3600,49821,7,12,3762,52173,27,0,73
2026-09-14,2026-09-20,UK,medicube,34400,596523,21,33,44280,802571,104,7,1
2026-09-14,2026-09-20,US,Anua,75750,30120152,11,14,75796,30121348,72,3,9
2026-09-14,2026-09-20,US,BIODANCE,44100,928638,13,17,45671,962830,60,2,12
2026-09-14,2026-09-20,US,Beauty of Joseon,4450,122704,12,12,4450,122704,13,0,2026
2026-09-14,2026-09-20,US,COSRX,17500,334875,12,13,31868,619543,92,0,423
2026-09-14,2026-09-20,US,Coreana,100,598,2,10,123,805,10,0,142717
2026-09-14,2026-09-20,US,Melaxin,33600,694380,13,13,42482,867434,77,0,171
2026-09-14,2026-09-20,US,Purito,7000,122601,12,20,7983,138634,46,0,561
2026-09-14,2026-09-20,US,d'Alba,9200,15866704,17,35,9606,16346839,37,0,270
2026-09-14,2026-09-20,US,medicube,88350,2003000,16,17,100813,2572887,78,6,2
2026-09-21,2026-09-27,DE,Anua,3750,170374,12,13,4310,177975,89,1,37
2026-09-21,2026-09-27,DE,Aromatica,50,812,1,14,201,4198,14,0,2739
2026-09-21,2026-09-27,DE,BIODANCE,3950,42672,8,12,4169,46540,25,1,2
2026-09-21,2026-09-27,DE,Beauty of Joseon,2650,115259,11,12,3111,118514,45,1,14
2026-09-21,2026-09-27,DE,COSRX,2700,38823,12,12,3970,53775,78,1,50
2026-09-21,2026-09-27,DE,Cellimax,1000,11794,1,1,1000,11794,1,1,18
2026-09-21,2026-09-27,DE,Coreana,0,0,0,6,23,626,6,0,43917
2026-09-21,2026-09-27,DE,Melaxin,950,16165,3,12,1159,20064,27,0,247
2026-09-21,2026-09-27,DE,Purito,1100,15165,5,12,1403,19154,85,0,78
2026-09-21,2026-09-27,DE,VT Cosmetics,250,5133,5,36,499,39733,48,0,1447
2026-09-21,2026-09-27,DE,d'Alba,4500,83473,11,12,4753,87196,40,2,10
2026-09-21,2026-09-27,DE,innisfree,0,0,0,1,12,132,15,0,32580
2026-09-21,2026-09-27,DE,medicube,9900,192996,12,12,11631,206769,92,2,8
2026-09-21,2026-09-27,ES,Anua,0,0,0,0,1387,23341,89,0,
2026-09-21,2026-09-27,ES,Aromatica,0,0,0,0,58,1162,13,0,
2026-09-21,2026-09-27,ES,BIODANCE,1400,18730,3,3,2325,30972,18,1,8
2026-09-21,2026-09-27,ES,Beauty of Joseon,0,0,0,0,741,10591,40,0,
2026-09-21,2026-09-27,ES,COSRX,0,0,0,0,1343,18873,72,0,
2026-09-21,2026-09-27,ES,Cellimax,2000,35618,1,1,2000,35618,1,1,2
2026-09-21,2026-09-27,ES,Coreana,400,8204,1,1,1395,25180,27,1,20
2026-09-21,2026-09-27,ES,Melaxin,0,0,0,0,74,1915,23,0,
2026-09-21,2026-09-27,ES,Purito,0,0,0,0,566,10302,66,0,
2026-09-21,2026-09-27,ES,VT Cosmetics,0,0,0,0,116,3234,56,0,
2026-09-21,2026-09-27,ES,d'Alba,6300,105606,4,4,7708,133380,38,3,1
2026-09-21,2026-09-27,ES,innisfree,0,0,0,0,0,0,10,0,
2026-09-21,2026-09-27,ES,medicube,12400,240062,12,12,15080,284602,92,8,3
2026-09-21,2026-09-27,JP,Anua,12900,236934,29,51,13107,240668,73,1,43
2026-09-21,2026-09-27,JP,Aromatica,750,11502,5,12,854,13570,36,0,987
2026-09-21,2026-09-27,JP,Beauty of Joseon,650,9682,4,12,835,12617,22,0,1054
2026-09-21,2026-09-27,JP,COSRX,3000,49540,10,12,3069,50498,42,0,619
2026-09-21,2026-09-27,JP,Cellimax,4000,71288,1,1,4000,71288,1,1,37
2026-09-21,2026-09-27,JP,Coreana,0,0,0,5,0,0,5,0,58419
2026-09-21,2026-09-27,JP,Melaxin,0,0,0,12,47,1252,20,0,14152
2026-09-21,2026-09-27,JP,Purito,0,0,0,11,0,0,11,0,42145
2026-09-21,2026-09-27,JP,VT Cosmetics,7000,77037,2,4,7023,77499,4,2,10
2026-09-21,2026-09-27,JP,d'Alba,5200,85430,12,12,5200,85430,41,0,60
2026-09-21,2026-09-27,JP,innisfree,3000,18070,1,12,3035,18695,22,1,26
2026-09-21,2026-09-27,JP,medicube,0,0,0,12,0,0,15,0,26958
2026-09-21,2026-09-27,UK,Anua,5900,124899,12,14,6575,134892,93,0,164
2026-09-21,2026-09-27,UK,Aromatica,50,900,1,17,179,3977,17,0,1526
2026-09-21,2026-09-27,UK,BIODANCE,10200,581594,12,14,10223,582207,36,1,11
2026-09-21,2026-09-27,UK,Beauty of Joseon,6750,90565,11,13,7848,100572,35,0,58
2026-09-21,2026-09-27,UK,COSRX,6100,79790,12,13,7870,107055,73,0,147
2026-09-21,2026-09-27,UK,Coreana,0,0,0,15,12,304,23,0,23548
2026-09-21,2026-09-27,UK,Melaxin,4000,78616,11,16,4336,84615,45,0,558
2026-09-21,2026-09-27,UK,Purito,2750,37841,8,12,3120,43842,65,0,157
2026-09-21,2026-09-27,UK,VT Cosmetics,550,11362,6,20,808,16009,37,0,1611
2026-09-21,2026-09-27,UK,d'Alba,3450,58071,8,12,3555,59820,27,0,170
2026-09-21,2026-09-27,UK,innisfree,50,444,1,1,50,444,6,0,9553
2026-09-21,2026-09-27,UK,medicube,63000,1057224,12,12,74174,1262785,97,6,1
2026-09-21,2026-09-27,US,Anua,0,0,0,0,739,5350,68,3,
2026-09-21,2026-09-27,US,Aromatica,0,0,0,0,1582,39579,27,0,
2026-09-21,2026-09-27,US,BIODANCE,0,0,0,0,58365,1280847,56,2,
2026-09-21,2026-09-27,US,Beauty of Joseon,0,0,0,0,4458,49542,14,0,
2026-09-21,2026-09-27,US,COSRX,0,0,0,0,35935,694484,91,0,
2026-09-21,2026-09-27,US,Cellimax,0,0,0,0,0,0,1,1,
2026-09-21,2026-09-27,US,Coreana,0,0,0,0,0,0,6,0,
2026-09-21,2026-09-27,US,Melaxin,0,0,0,0,48106,985502,79,0,
2026-09-21,2026-09-27,US,Purito,0,0,0,0,9610,128107,47,0,
2026-09-21,2026-09-27,US,VT Cosmetics,0,0,0,0,14424,289663,61,0,
2026-09-21,2026-09-27,US,d'Alba,0,0,0,0,17,420,37,0,
2026-09-21,2026-09-27,US,innisfree,0,0,0,0,9909,147086,58,0,
2026-09-21,2026-09-27,US,medicube,0,0,0,0,77531,1585152,83,8,
2026-09-28,2026-10-04,DE,Anua,4250,71086,12,18,4726,77296,87,2,27
2026-09-28,2026-10-04,DE,Aromatica,250,5786,4,13,343,7494,14,0,2747
2026-09-28,2026-10-04,DE,BIODANCE,5000,59671,10,12,5058,60704,26,1,2
2026-09-28,2026-10-04,DE,Beauty of Joseon,3150,380143,12,16,3635,383723,47,1,12
2026-09-28,2026-10-04,DE,COSRX,2800,314410,12,13,3921,326314,77,0,105
2026-09-28,2026-10-04,DE,Cellimax,1000,16297,1,1,1000,16297,1,1,26
2026-09-28,2026-10-04,DE,Coreana,0,0,0,7,12,327,7,0,45322
2026-09-28,2026-10-04,DE,Melaxin,1200,18300,5,20,1374,21811,38,0,121
2026-09-28,2026-10-04,DE,Purito,1100,15202,4,12,1437,19515,86,0,261
2026-09-28,2026-10-04,DE,VT Cosmetics,300,5972,4,14,441,9253,46,0,1437
2026-09-28,2026-10-04,DE,d'Alba,5850,192547,12,13,5977,194887,40,2,9
2026-09-28,2026-10-04,DE,innisfree,0,0,0,1,12,90,15,0,19532
2026-09-28,2026-10-04,DE,medicube,6150,109173,14,16,7754,127393,86,1,14
2026-09-28,2026-10-04,ES,Anua,0,0,0,0,1683,18056,90,0,
2026-09-28,2026-10-04,ES,Aromatica,0,0,0,0,23,424,12,0,
2026-09-28,2026-10-04,ES,BIODANCE,0,0,0,0,2381,31047,19,1,
2026-09-28,2026-10-04,ES,Beauty of Joseon,0,0,0,0,613,9353,37,0,
2026-09-28,2026-10-04,ES,COSRX,0,0,0,0,1422,20415,72,0,
2026-09-28,2026-10-04,ES,Cellimax,0,0,0,0,0,0,1,1,
2026-09-28,2026-10-04,ES,Coreana,0,0,0,0,811,14817,28,2,
2026-09-28,2026-10-04,ES,Melaxin,0,0,0,0,51,1369,27,0,
2026-09-28,2026-10-04,ES,Purito,0,0,0,0,577,8922,67,0,
2026-09-28,2026-10-04,ES,VT Cosmetics,0,0,0,0,117,3220,57,0,
2026-09-28,2026-10-04,ES,d'Alba,0,0,0,0,6846,116761,37,3,
2026-09-28,2026-10-04,ES,innisfree,0,0,0,0,0,0,10,0,
2026-09-28,2026-10-04,ES,medicube,0,0,0,0,11225,186335,92,8,
2026-09-28,2026-10-04,FR,Anua,300,4409,2,2,845,13162,92,0,432
2026-09-28,2026-10-04,FR,Aromatica,0,0,0,0,12,226,21,0,
2026-09-28,2026-10-04,FR,BIODANCE,2900,35925,4,4,3292,43240,23,1,1
2026-09-28,2026-10-04,FR,Beauty of Joseon,0,0,0,0,625,7797,38,0,
2026-09-28,2026-10-04,FR,COSRX,400,6729,3,3,818,12105,73,0,460
2026-09-28,2026-10-04,FR,Cellimax,1000,16340,1,1,1000,16340,1,1,14
2026-09-28,2026-10-04,FR,Coreana,0,0,0,0,12,324,29,0,
2026-09-28,2026-10-04,FR,Melaxin,0,0,0,0,47,247,40,0,
2026-09-28,2026-10-04,FR,Purito,100,1584,1,1,321,4493,68,0,283
2026-09-28,2026-10-04,FR,VT Cosmetics,0,0,0,0,71,1902,57,0,
2026-09-28,2026-10-04,FR,d'Alba,300,5106,1,1,370,5311,41,0,119
2026-09-28,2026-10-04,FR,innisfree,0,0,0,0,58,588,29,0,
2026-09-28,2026-10-04,FR,medicube,8200,2904624,12,12,10948,2941580,94,5,10
2026-09-28,2026-10-04,IT,BIODANCE,0,0,0,0,0,0,1,1,
2026-09-28,2026-10-04,IT,Cellimax,0,0,0,0,0,0,1,1,
2026-09-28,2026-10-04,IT,medicube,0,0,0,0,0,0,8,8,
2026-09-28,2026-10-04,JP,Anua,9400,176237,14,15,9412,176446,71,1,40
2026-09-28,2026-10-04,JP,Aromatica,600,9218,4,13,739,11748,37,0,1445
2026-09-28,2026-10-04,JP,Beauty of Joseon,750,11370,6,12,866,13122,22,0,1105
2026-09-28,2026-10-04,JP,COSRX,3450,57359,12,35,3614,59822,42,0,593
2026-09-28,2026-10-04,JP,Cellimax,4000,71288,1,1,4000,71288,1,1,33
2026-09-28,2026-10-04,JP,Coreana,0,0,0,5,0,0,5,0,39255
2026-09-28,2026-10-04,JP,Melaxin,0,0,0,14,35,890,21,0,11481
2026-09-28,2026-10-04,JP,Purito,0,0,0,12,0,0,12,0,42070
2026-09-28,2026-10-04,JP,VT Cosmetics,8000,82276,2,4,8023,82738,4,2,10
2026-09-28,2026-10-04,JP,d'Alba,5600,93959,15,18,5600,93959,44,1,46
2026-09-28,2026-10-04,JP,innisfree,3000,18070,1,14,3070,18754,21,0,62
2026-09-28,2026-10-04,JP,medicube,0,0,0,14,0,0,17,0,32973
2026-09-28,2026-10-04,UK,Anua,7000,136158,11,14,7710,147780,96,0,207
2026-09-28,2026-10-04,UK,Aromatica,50,1212,1,6,121,2668,14,0,1847
2026-09-28,2026-10-04,UK,BIODANCE,9750,365249,10,12,9819,400875,35,1,9
2026-09-28,2026-10-04,UK,Beauty of Joseon,9400,872006,11,14,10048,879623,31,1,48
2026-09-28,2026-10-04,UK,COSRX,6050,86762,13,18,7772,114581,76,0,137
2026-09-28,2026-10-04,UK,Coreana,0,0,0,12,12,85,24,0,22880
2026-09-28,2026-10-04,UK,Melaxin,3550,66144,12,15,3795,71011,48,0,708
2026-09-28,2026-10-04,UK,Purito,2950,41115,9,12,3218,45221,64,0,158
2026-09-28,2026-10-04,UK,VT Cosmetics,650,12831,6,18,771,15062,39,0,1477
2026-09-28,2026-10-04,UK,d'Alba,2350,35843,6,15,2525,58953,30,0,166
2026-09-28,2026-10-04,UK,innisfree,0,0,0,2,58,659,6,0,11681
2026-09-28,2026-10-04,UK,medicube,42450,662574,15,15,50458,838232,94,3,1
2026-09-28,2026-10-04,US,Anua,61800,1708463,8,9,61846,1709381,69,2,70
2026-09-28,2026-10-04,US,Aromatica,2000,41911,10,22,2441,52234,36,0,3361
2026-09-28,2026-10-04,US,BIODANCE,42400,895336,12,13,44087,933490,58,2,12
2026-09-28,2026-10-04,US,Beauty of Joseon,4400,84782,9,9,4400,84782,12,0,1881
2026-09-28,2026-10-04,US,COSRX,19700,336374,12,13,35057,599165,92,0,505
2026-09-28,2026-10-04,US,Cellimax,10000,180000,1,1,10000,180000,1,1,72
2026-09-28,2026-10-04,US,Melaxin,43000,898000,12,15,52237,1070943,79,0,197
2026-09-28,2026-10-04,US,Purito,7100,123826,12,12,7794,135285,43,0,587
2026-09-28,2026-10-04,US,VT Cosmetics,9300,200791,14,14,11886,245148,59,0,1737
2026-09-28,2026-10-04,US,d'Alba,50,800,1,6,66,4422,35,0,42374
2026-09-28,2026-10-04,US,innisfree,6900,149950,12,15,9084,198889,60,0,2369
2026-09-28,2026-10-04,US,medicube,142800,3049106,24,24,152130,3478765,94,7,2
2026-10-05,2026-10-11,DE,Abib,950,17742,6,38,1104,33034,38,0,902
2026-10-05,2026-10-11,DE,Anua,17700,238325,13,15,18648,249228,81,3,11
2026-10-05,2026-10-11,DE,Aromatica,300,5440,2,2,312,5690,14,0,1950
2026-10-05,2026-10-11,DE,BIODANCE,17400,231236,11,12,17446,231638,27,1,3
2026-10-05,2026-10-11,DE,Beauty of Joseon,11300,4802932,12,12,11853,4806523,43,2,8
2026-10-05,2026-10-11,DE,COSRX,10000,2189856,12,12,11373,2205223,72,1,37
2026-10-05,2026-10-11,DE,Cellimax,2000,53374,1,1,2000,53374,1,1,29
2026-10-05,2026-10-11,DE,Coreana,0,0,0,0,0,0,5,0,
2026-10-05,2026-10-11,DE,LAKA,0,0,0,0,0,0,36,0,
2026-10-05,2026-10-11,DE,LANEIGE,50,539,1,1,50,539,13,0,6490
2026-10-05,2026-10-11,DE,Melaxin,2050,33508,11,11,2108,34208,39,0,287
2026-10-05,2026-10-11,DE,Purito,2950,41208,7,12,3184,44232,77,0,160
2026-10-05,2026-10-11,DE,SKIN1004,1700,24805,12,12,1993,27926,73,0,494
2026-10-05,2026-10-11,DE,VT Cosmetics,850,16724,6,6,944,18068,48,0,1222
2026-10-05,2026-10-11,DE,d'Alba,22600,482112,12,12,22854,486113,39,3,4
2026-10-05,2026-10-11,DE,innisfree,0,0,0,0,12,162,16,0,
2026-10-05,2026-10-11,DE,medicube,28500,2184935,12,12,30914,2205257,83,4,2
2026-10-05,2026-10-11,ES,Abib,700,14150,8,42,796,16379,45,0,650
2026-10-05,2026-10-11,ES,Anua,5950,104137,12,12,6152,107011,80,1,44
2026-10-05,2026-10-11,ES,Aromatica,200,3685,1,1,224,4234,12,0,829
2026-10-05,2026-10-11,ES,BIODANCE,23700,413202,9,11,23724,413604,19,2,4
2026-10-05,2026-10-11,ES,Beauty of Joseon,600,12783,4,12,845,16403,32,0,297
2026-10-05,2026-10-11,ES,COSRX,3150,47944,9,12,3348,50937,61,1,48
2026-10-05,2026-10-11,ES,Cellimax,10000,181008,2,2,10000,181008,2,2,5
2026-10-05,2026-10-11,ES,Coreana,5500,81490,10,12,5559,82103,20,1,13
2026-10-05,2026-10-11,ES,LAKA,0,0,0,0,0,0,30,0,
2026-10-05,2026-10-11,ES,LANEIGE,0,0,0,1,23,58349,28,0,19794
2026-10-05,2026-10-11,ES,Melaxin,0,0,0,2,51,1235,28,0,3485
2026-10-05,2026-10-11,ES,Purito,1850,31377,6,8,1980,33774,57,0,75
2026-10-05,2026-10-11,ES,SKIN1004,1200,21918,11,12,1504,26702,62,0,462
2026-10-05,2026-10-11,ES,TS,0,0,0,0,0,0,46,0,
2026-10-05,2026-10-11,ES,VT Cosmetics,200,4895,4,8,259,6612,48,0,3095
2026-10-05,2026-10-11,ES,d'Alba,18200,334865,12,12,18499,341239,37,3,12
2026-10-05,2026-10-11,ES,innisfree,0,0,0,0,0,0,10,0,
2026-10-05,2026-10-11,ES,medicube,74000,5038772,12,12,80445,5084156,87,11,1
2026-10-05,2026-10-11,FR,Abib,350,6835,6,37,398,40247,43,0,5
2026-10-05,2026-10-11,FR,Anua,750,15036,6,12,927,17965,90,0,1
2026-10-05,2026-10-11,FR,Aromatica,0,0,0,1,12,226,21,0,2
2026-10-05,2026-10-11,FR,BIODANCE,13450,769389,10,12,13485,770100,20,2,1
2026-10-05,2026-10-11,FR,Beauty of Joseon,350,5908,7,12,652,10915,34,0,1
2026-10-05,2026-10-11,FR,COSRX,1100,15667,8,12,1299,18922,73,0,1
2026-10-05,2026-10-11,FR,Cellimax,4000,61700,2,2,4000,61700,2,1,4
2026-10-05,2026-10-11,FR,Coreana,50,337,1,12,86,1222,12,0,4
2026-10-05,2026-10-11,FR,LAKA,0,0,0,0,0,0,34,0,
2026-10-05,2026-10-11,FR,LANEIGE,0,0,0,0,0,0,10,0,
2026-10-05,2026-10-11,FR,Melaxin,100,2850,1,9,240,6930,40,0,4
2026-10-05,2026-10-11,FR,Purito,850,12662,4,9,910,13501,65,0,2
2026-10-05,2026-10-11,FR,SKIN1004,600,9771,6,12,925,15970,72,0,1
2026-10-05,2026-10-11,FR,VT Cosmetics,0,0,0,6,94,2518,52,0,3
2026-10-05,2026-10-11,FR,d'Alba,1000,19228,3,6,1036,19962,37,0,4
2026-10-05,2026-10-11,FR,innisfree,0,0,0,1,12,187,18,0,6
2026-10-05,2026-10-11,FR,medicube,28000,650236,12,12,33511,741377,94,11,2
2026-10-05,2026-10-11,IT,Abib,500,10457,8,39,606,13437,39,0,567
2026-10-05,2026-10-11,IT,Anua,1000,24802,8,14,1089,26932,70,0,491
2026-10-05,2026-10-11,IT,Aromatica,450,7226,3,3,486,8086,30,0,679
2026-10-05,2026-10-11,IT,BIODANCE,2600,38799,7,11,2670,40116,18,0,5
2026-10-05,2026-10-11,IT,Beauty of Joseon,600,9881,6,12,810,12232,34,0,335
2026-10-05,2026-10-11,IT,COSRX,1000,15285,9,12,1226,19519,63,0,678
2026-10-05,2026-10-11,IT,Cellimax,3000,77112,1,1,3000,77112,1,1,27
2026-10-05,2026-10-11,IT,Coreana,29400,551226,13,13,30661,576287,53,3,5
2026-10-05,2026-10-11,IT,LAKA,0,0,0,0,0,0,72,0,
2026-10-05,2026-10-11,IT,LANEIGE,0,0,0,0,0,0,12,0,
2026-10-05,2026-10-11,IT,Melaxin,0,0,0,2,35,1080,28,0,3832
2026-10-05,2026-10-11,IT,Purito,1650,27184,7,12,1745,28582,57,0,117
2026-10-05,2026-10-11,IT,SKIN1004,1250,24972,11,12,1587,29073,68,0,390
2026-10-05,2026-10-11,IT,TS,0,0,0,1,35,1201,40,0,5042
2026-10-05,2026-10-11,IT,VT Cosmetics,450,9835,5,9,509,11320,52,0,790
2026-10-05,2026-10-11,IT,d'Alba,400,8743,3,5,435,9261,26,0,467
2026-10-05,2026-10-11,IT,innisfree,0,0,0,0,0,0,18,0,
2026-10-05,2026-10-11,IT,medicube,96000,2070997,12,12,106209,2217745,95,14,1
2026-10-05,2026-10-11,JP,Abib,400,6596,6,28,564,9532,28,0,2436
2026-10-05,2026-10-11,JP,Anua,7400,147594,11,14,7492,149789,72,0,59
2026-10-05,2026-10-11,JP,Aromatica,700,10614,4,14,793,12399,36,0,1478
2026-10-05,2026-10-11,JP,Beauty of Joseon,650,9682,4,12,823,12420,22,0,1022
2026-10-05,2026-10-11,JP,COSRX,3000,49406,10,13,3069,50364,41,0,591
2026-10-05,2026-10-11,JP,Cellimax,4000,63516,1,1,4000,63516,1,0,63
2026-10-05,2026-10-11,JP,Coreana,0,0,0,5,0,0,5,0,39697
2026-10-05,2026-10-11,JP,LAKA,1000,14673,1,8,1023,14944,22,1,22
2026-10-05,2026-10-11,JP,LANEIGE,0,0,0,0,0,0,15,0,
2026-10-05,2026-10-11,JP,Melaxin,0,0,0,12,23,616,21,0,13984
2026-10-05,2026-10-11,JP,Purito,0,0,0,12,0,0,12,0,23387
2026-10-05,2026-10-11,JP,SKIN1004,0,0,0,0,0,0,51,0,
2026-10-05,2026-10-11,JP,VT Cosmetics,8000,82276,2,4,8023,82738,4,2,8
2026-10-05,2026-10-11,JP,d'Alba,5350,89633,12,12,5350,89633,43,0,51
2026-10-05,2026-10-11,JP,innisfree,3000,18070,1,12,3024,18459,20,1,18
2026-10-05,2026-10-11,JP,medicube,0,0,0,12,0,0,17,0,25385
2026-10-05,2026-10-11,UK,Abib,1750,30173,10,40,1928,33670,44,0,1041
2026-10-05,2026-10-11,UK,Anua,24500,351519,12,12,25546,364622,95,0,54
2026-10-05,2026-10-11,UK,Aromatica,100,2400,1,1,160,3615,20,0,8338
2026-10-05,2026-10-11,UK,BIODANCE,52900,15518206,11,11,52900,15518206,26,2,6
2026-10-05,2026-10-11,UK,Beauty of Joseon,20900,2722900,12,12,21515,2727094,30,1,26
2026-10-05,2026-10-11,UK,COSRX,12300,189631,12,12,14066,219706,68,0,76
2026-10-05,2026-10-11,UK,Coreana,0,0,0,0,0,0,18,0,
2026-10-05,2026-10-11,UK,LAKA,1200,20574,3,4,1361,23932,34,0,477
2026-10-05,2026-10-11,UK,LANEIGE,0,0,0,0,59,727,14,0,
2026-10-05,2026-10-11,UK,Melaxin,7050,131035,12,12,7283,135806,46,0,401
2026-10-05,2026-10-11,UK,Purito,5600,82264,10,10,5867,86249,61,0,127
2026-10-05,2026-10-11,UK,SKIN1004,2950,43879,12,12,3431,50709,58,0,1142
2026-10-05,2026-10-11,UK,VT Cosmetics,1600,30806,6,8,1790,35006,40,0,1217
2026-10-05,2026-10-11,UK,d'Alba,7750,136647,9,9,7843,138137,29,0,117
2026-10-05,2026-10-11,UK,innisfree,50,399,1,1,50,399,5,0,14277
2026-10-05,2026-10-11,UK,medicube,280000,52508277,12,12,303757,52851459,99,11,1
2026-10-05,2026-10-11,US,Abib,0,0,0,0,21430,305614,70,0,
2026-10-05,2026-10-11,US,Anua,0,0,0,0,1247,27083,69,5,
2026-10-05,2026-10-11,US,Aromatica,0,0,0,0,4307,93408,37,0,
2026-10-05,2026-10-11,US,BIODANCE,0,0,0,0,74135,1633552,58,2,
2026-10-05,2026-10-11,US,Beauty of Joseon,0,0,0,0,8316,70564,18,1,
2026-10-05,2026-10-11,US,COSRX,0,0,0,0,50914,1018548,90,1,
2026-10-05,2026-10-11,US,Cellimax,0,0,0,0,0,0,1,1,
2026-10-05,2026-10-11,US,Coreana,0,0,0,0,0,0,4,0,
2026-10-05,2026-10-11,US,LAKA,0,0,0,0,20,216,13,0,
2026-10-05,2026-10-11,US,LANEIGE,0,0,0,0,49898,564869,60,3,
2026-10-05,2026-10-11,US,Melaxin,0,0,0,0,67342,1334976,76,0,
2026-10-05,2026-10-11,US,Purito,0,0,0,0,15267,263570,45,0,
2026-10-05,2026-10-11,US,SKIN1004,0,0,0,0,53466,946079,60,1,
2026-10-05,2026-10-11,US,VT Cosmetics,0,0,0,0,21964,461105,61,0,
2026-10-05,2026-10-11,US,d'Alba,0,0,0,0,24,780,32,1,
2026-10-05,2026-10-11,US,innisfree,0,0,0,0,15546,173871,57,0,
2026-10-05,2026-10-11,US,medicube,0,0,0,0,106740,2841746,84,13,
